metric,company_value,n100_average
return_on_equity_pct,36.30776794493609,122.62768808327812
debt_to_equity,0.4309,1.7874097826086957
revenue_cagr_5yr,33.93602929650476,13.144376500203006
pat_cagr_5yr,76.37074131332167,19.955780376953467
pe_ratio,8.65,43.80822222222222
pb_ratio,11.82,7.559111111111112
dividend_yield_pct,3.46,2.3302222222222224
