id_x,company_id,year,net_profit_margin_pct,operating_profit_margin_pct,return_on_equity_pct,debt_to_equity,interest_coverage,asset_turnover,free_cash_flow_cr,capex_cr,earnings_per_share,book_value_per_share,dividend_payout_ratio_pct,total_debt_cr,cash_from_operations_cr,return_on_capital_employed_pct,return_on_assets_pct,net_debt_cr,revenue_cagr_3yr,revenue_cagr_5yr,revenue_cagr_10yr,pat_cagr_3yr,pat_cagr_5yr,pat_cagr_10yr,eps_cagr_3yr,eps_cagr_5yr,eps_cagr_10yr,composite_quality_score,high_leverage_flag,icr_label,pe_ratio,pb_ratio,dividend_yield_pct,id_y,company_name
219,BANKBARODA,Mar 2024,15.93948250956673,37.4889127294537,15.761863790899902,12.1437,1.8967,0.0715,-7559.0,1285.0,36.0,11.5553,21.0,1453761,-6274.0,2.820637646379921,1.1402758683204666,,19.153319343554664,9.490200436469841,,36.42776134859513,83.01864727574007,,,,,,,,16.89,4.15,2.62,BANKBARODA,Bank of Baroda
585,INDUSINDBK,Mar 2024,19.56369677362945,38.55469091544986,14.252273197764223,6.8857,1.8795,0.0888,-17468.0,625.0,115.0,8.0716,14.0,432404,-16843.0,3.563199589661572,1.7380834474254032,,16.714166170476787,11.229271985817002,,20.769134611252028,12.950317155835522,,,,,,,,8.99,3.7,1.42,INDUSINDBK,IndusInd Bank Ltd
628,IRFC,Mar 2024,24.064552448864703,99.50459748545694,13.038085361638096,8.3784,1.3195,0.0549,7906.0,8.0,5.0,0.3763,31.0,412039,7914.0,5.750642863027896,1.3218383695952436,,9.842390258673216,14.921143419598092,,2.389101228377455,15.41522975695413,,,,,,,,9.81,3.91,2.82,IRFC,Indian Railway Finance Corporation Ltd
741,M&M,Mar 2024,8.82238743726542,17.89787025985418,18.537543435564285,1.6414,3.7647,0.5925,-11245.0,5615.0,91.0,11.8833,21.0,108647,-5630.0,16.123589400412953,5.227460570376871,,17.39669110726323,14.117791908937205,,21.499757764096227,,,,,,,,,14.22,0.81,2.37,M&M,Mahindra & Mahindra Ltd
1052,TATAPOWER,Mar 2024,6.965125551270159,17.469771680580646,13.227840276919272,1.6593,3.0544,0.4419,3569.0,9027.0,12.0,10.1113,17.0,53689,12596.0,16.44604567377535,3.0779409438060035,,14.03306520549783,16.856725251698478,,26.87225032302678,27.320565601041547,,,,,,,,14.5,3.48,0.49,TATAPOWER,Tata Power Company Ltd
